<?xml version="1.0" encoding="UTF-8"?>
<beans xmlns="http://www.springframework.org/schema/beans"
    xmlns:xsi="http://www.w3.org/2001/XMLSchema-instance"
    xmlns:mvc="http://www.springframework.org/schema/mvc"
    xmlns:context="http://www.springframework.org/schema/context"
    xmlns:aop="http://www.springframework.org/schema/aop"
    xmlns:tx="http://www.springframework.org/schema/tx"
    xsi:schemaLocation="http://www.springframework.org/schema/beans 
                        http://www.springframework.org/schema/beans/spring-beans-4.0.xsd 
                        http://www.springframework.org/schema/mvc 
                        http://www.springframework.org/schema/mvc/spring-mvc-4.0.xsd 
                        http://www.springframework.org/schema/context 
                        http://www.springframework.org/schema/context/spring-context-4.0.xsd 
                        http://www.springframework.org/schema/aop 
                        http://www.springframework.org/schema/aop/spring-aop-4.0.xsd 
                        http://www.springframework.org/schema/tx 
                        http://www.springframework.org/schema/tx/spring-tx-4.0.xsd">
    <!-- 设置使用注解的类所在的jar包 -->
    <context:component-scan base-package="com.hibernate.*" />
    
    <bean id="dataSource" class="org.apache.commons.dbcp.BasicDataSource" destroy-method="close">  
       <property name="driverClassName" value="com.mysql.jdbc.Driver"/>  
       <property name="url" value="jdbc:mysql://localhost:3306/hibernate_demo"/>  
       <property name="username" value="root"/> 
       <property name="password" value="admin"/>
       <!-- 设置连接池初始值 -->  
		<property name="initialSize" value="5" />  
		<!-- 设置连接池最大值 -->  
		<property name="maxActive" value="100" />  
		<!-- 设置连接池最小空闲值 -->  
		<property name="minIdle" value="20" />  
		<!-- 设置连接池最大空闲值 -->  
		<property name="maxIdle" value="50" />  
	</bean>
	
	<!-- 配置生成sessionFactory -->
	<bean id="sessionFactory" class="org.springframework.orm.hibernate5.LocalSessionFactoryBean">  
        <!-- <property name="configLocation" value="classpath:hibernate.cfg.xml"/> -->  
        <property name="dataSource" ref="dataSource"/>  
          
        <!-- 配置hibernate的属性 -->  
        <property name="hibernateProperties">  
            <props>  
                <prop key="hibernate.dialect">org.hibernate.dialect.MySQLDialect</prop>  
                <prop key="hibernate.show_sql">true</prop>  
                <prop key="hibernate.format_sql">true</prop>  
                <prop key="hibernate.hbm2ddl.auto">update</prop>  
            </props>  
        </property>  
          
        <!-- 加载映射文件 -->  
        <property name="mappingResources">  
            <list>  
                <value>com/hibernate/demo/User.hbm.xml</value>  
            </list>  
        </property>  
    </bean>
    
    <!-- 添加事务管理 -->
    <bean id="transactionManager" class="org.springframework.orm.hibernate5.HibernateTransactionManager">
       <property name="sessionFactory" ref="sessionFactory"></property>
    </bean>
    
</beans>