<?xml version="1.0" encoding="UTF-8"?>
<!DOCTYPE configuration PUBLIC "-//mybatis.org//DTD Config 3.0//EN" "http://mybatis.org/dtd/mybatis-3-config.dtd">
 <configuration>
  
	 <!-- 引入外部配置文件 -->
	 <properties resource="mysql.properties"/>
	 
	 <!-- 为JAVA Bean起类别名 -->
	 <typeAliases >
		 <!-- 别名方式1，一个一个的配置 type中放置的是类的全路径，alias中放置的是类别名     <typeAliase type="com.mybatis.demo.beans.User" alias="User"/> -->
		 <!-- 别名方式2，自动扫描，将JAVA类的类名作为类的类别名 -->
		 <package name="com.mybatis.demo.beans"/>
	 </typeAliases>
     
     <!-- 配置mybatis运行环境 -->
     <environments default="mybatis">
         <environment id="mybatis">
             <!-- type="JDBC" 代表使用JDBC的提交和回滚来管理事务 -->
             <transactionManager type="JDBC" />
             
             <!-- mybatis提供了3种数据源类型，分别是：POOLED,UNPOOLED,JNDI -->
             <!-- POOLED 表示支持JDBC数据源连接池 -->
             <!-- UNPOOLED 表示不支持数据源连接池 -->
             <!-- JNDI 表示支持外部数据源连接池 -->
             <dataSource type="POOLED">
                 <property name="driver" value="com.mysql.jdbc.Driver" />
                 <property name="url" value="jdbc:mysql://localhost:3306/mybatis_demo" />
                 <property name="username" value="root" />
                 <property name="password" value="admin" />
             </dataSource>
         </environment>
     </environments>
     
     <mappers>
	     <!-- 告知映射文件方式1，一个一个的配置 <mapper resource="com/mybatis/demo/mapper/UserMapper.xml"/>-->
	     <!-- 告知映射文件方式2，自动扫描包内的Mapper接口与配置文件 -->
	     <package name="com/mybatis/demo/mapper"/>
     </mappers> 
     
</configuration>