<?xml version="1.0" encoding="UTF-8"?>
<beans xmlns="http://www.springframework.org/schema/beans"
    xmlns:xsi="http://www.w3.org/2001/XMLSchema-instance"
    xmlns:mvc="http://www.springframework.org/schema/mvc"
    xmlns:context="http://www.springframework.org/schema/context"
    xmlns:aop="http://www.springframework.org/schema/aop"
    xmlns:tx="http://www.springframework.org/schema/tx"
    xsi:schemaLocation="http://www.springframework.org/schema/beans 
                        http://www.springframework.org/schema/beans/spring-beans-4.0.xsd 
                        http://www.springframework.org/schema/mvc 
                        http://www.springframework.org/schema/mvc/spring-mvc-4.0.xsd 
                        http://www.springframework.org/schema/context 
                        http://www.springframework.org/schema/context/spring-context-4.0.xsd 
                        http://www.springframework.org/schema/aop 
                        http://www.springframework.org/schema/aop/spring-aop-4.0.xsd 
                        http://www.springframework.org/schema/tx 
                        http://www.springframework.org/schema/tx/spring-tx-4.0.xsd">
    <!-- 设置使用注解的类所在的jar包 -->
    <context:component-scan base-package="com.ibatis.demo" />
    
    <bean id="dataSource" class="org.apache.commons.dbcp.BasicDataSource" destroy-method="close">  
       <property name="driverClassName" value="com.mysql.jdbc.Driver"/>  
       <property name="url" value="jdbc:mysql://localhost:3306/ibatis_demo"/>  
       <property name="username" value="root"/> 
       <property name="password" value="admin"/>  
	</bean>
	
	<bean id="sqlMapClient" class="org.springframework.orm.ibatis.SqlMapClientFactoryBean">
        <property name="dataSource">
            <ref bean="dataSource"/>
        </property>
        <property name="configLocation">
            <value>SqlMapConfig.xml</value>
        </property>
    </bean>
    
</beans>