<?xml version="1.0" encoding="UTF-8" ?>  
<!DOCTYPE sqlMapConfig        
    PUBLIC "-//ibatis.apache.org//DTD SQL Map Config 2.0//EN"        
    "http://ibatis.apache.org/dtd/sql-map-config-2.dtd">  
<sqlMapConfig>  
    <properties resource="jdbc.properties" />  
    <transactionManager type="JDBC">  
        <dataSource type="SIMPLE">  
            <property name="JDBC.Driver" value="com.mysql.jdbc.Driver" />  
            <property name="JDBC.ConnectionURL" value="jdbc:mysql://localhost:3306/ibatis_demo" />  
            <property name="JDBC.Username" value="root" />  
            <property name="JDBC.Password" value="admin" />  
        </dataSource>  
    </transactionManager>  
    <sqlMap resource="User.xml" />  
</sqlMapConfig> 