<?xml version="1.0" encoding="UTF-8" ?>  
<!DOCTYPE sqlMap        
    PUBLIC "-//ibatis.apache.org//DTD SQL Map 2.0//EN"        
    "http://ibatis.apache.org/dtd/sql-map-2.dtd">  
<sqlMap>  
    <typeAlias alias="User" type="com.ibatis.demo.User" />
    <typeAlias alias="Map" type="java.util.Map" />
      
    <select id="getAllUsers" resultClass="User">  
        select * from user  
    </select>
    
    <select id="getUserById" parameterClass="java.lang.Integer" resultClass="User">  
	    select *  
	    from user  
	    where id=#id:INT#  
	</select>
	
	<select id="getUserByName" parameterClass="java.lang.String" resultClass="User">  
	    select *  
	    from user  
	    where name=#name:VARCHAR#  
	</select>
	
	<insert id="insertUser" parameterClass="User">  
	    insert into user(id,name)  
	    values(#id:INT#,#name:VARCHAR#)  
	</insert>
    
	<update id="updateUser" parameterClass="java.util.Map">  
        update user   
        set name=#user.name:VARCHAR#
        where id=#user.id:INT#  
	</update>
	
	<delete id="deleteUserById" parameterClass="java.lang.Integer">  
	    delete from user  
	    where id=#id:INT#  
	</delete>
	
</sqlMap>